{
  "clientes": [
    {
      "username": "mateus",
      "password": "1234",
      "id": 1
    },
    {
      "username": "asd",
      "password": "123",
      "email": "asd@sad.com",
      "telefone": "(510) 000 - 00",
      "id": 2
    }
  ],
  "filmes": [
    {
      "id": 1,
      "titulo": "Avatar: O Caminho da Água",
      "ano": 2022,
      "genero": "Ação",
      "diretor": "James Cameron",
      "atores": [
        "Sam Worthington",
        "Zoe Saldaña",
        "JStephen Lang"
      ],
      "poster": "https://cdn.ome.lt/O4eHRl_xlw93hmpNDMiBT-cYLCg=/fit-in/1070x750/smart/filer_public/11/0a/110a6123-971c-4a78-9b94-2f909a1b8bcb/fihk58jxeaawogs.jpeg"
    },
    {
      "id": 2,
      "titulo": "A Baleia",
      "ano": 2023,
      "genero": "Drama",
      "diretor": "Darren Aronofsky",
      "atores": [
        "Brendan Fraser",
        "Sadie Sink",
        "Sadie Sink"
      ],
      "poster": "https://br.web.img2.acsta.net/pictures/23/01/12/16/24/2787954.jpg"
    },
    {
      "id": 3,
      "titulo": "O Poderoso Chefão III",
      "ano": 1990,
      "genero": "Drama",
      "diretor": "Francis Ford Coppola",
      "atores": [
        "Al Pacino",
        "Diane Keaton",
        "Andy Garcia"
      ],
      "poster": "https://br.web.img2.acsta.net/medias/nmedia/18/90/93/36/20120970.jpg"
    },
    {
      "id": 4,
      "titulo": "O Pior Vizinho do Mundo",
      "ano": 2023,
      "genero": "Comédia",
      "diretor": "Marc Forster",
      "atores": [
        "Tom Hanks",
        "Rachel Keller"
      ],
      "poster": "https://www.sonypictures.com.br/sites/brazil/files/2023-03/1400x2100.jpg"
    },
    {
      "id": 5,
      "titulo": "star wars o despertar da força",
      "ano": 2015,
      "genero": "Ação",
      "diretor": "J. J. Abrams",
      "atores": [
        "Daisy Ridley",
        "Harrison Ford"
      ],
      "poster": "https://br.web.img3.acsta.net/pictures/15/10/18/18/39/408904.jpg"
    },
    {
      "id": 6,
      "titulo": "Emancipation",
      "ano": 2022,
      "genero": "Drama",
      "diretor": "Antoine Fuqua",
      "atores": [
        "Will Smith",
        "Ben foster"
      ],
      "poster": "https://m.media-amazon.com/images/M/MV5BOTRhYmYyN2ItYzAyYy00NTgzLWIwMzktMWEwMWY0MWJhYmY4XkEyXkFqcGdeQXVyMjAzOTE4OTY@._V1_.jpg"
    },
    {
      "id": 7,
      "titulo": "Esquadrão Suicida",
      "ano": 2016,
      "genero": "Ação",
      "diretor": "David Ayer",
      "atores": [
        "Margot Robbie",
        "Jared Leto",
        "Will Smith"
      ],
      "poster": "https://m.media-amazon.com/images/M/MV5BMjM1OTMxNzUyM15BMl5BanBnXkFtZTgwNjYzMTIzOTE@._V1_.jpg"
    }
  ],
  "generos": [
    "Drama",
    "Comédia",
    "Ação",
    "Terror",
    "Suspense"
  ],
  "carrinho": {}
}